gs://erudite-mote-269518-vcm/images/figgy_prod_2f_fd_fc_2ffdfc9d31e04bb8882131678711fb52_intermediate_file.jp2.jpg,Art,Poster,Painting,Modern art,anger,joy,surprise,sorrow
gs://erudite-mote-269518-vcm/images/figgy_prod_0f_d9_73_0fd973684a3b48afad670d23d0a310f0_intermediate_file.jp2.jpg,Picture frame,Art,Painting,Illustration,Visual arts,Drawing,Square
gs://erudite-mote-269518-vcm/images/figgy_prod_1b_fa_76_1bfa76692abe4785bdce876c2b3c0ca1_intermediate_file.jp2.jpg,Text,Poster,Art,Fictional character,Painting,Miniature,Fiction,Illustration
gs://erudite-mote-269518-vcm/images/figgy_prod_3c_f6_82_3cf6823301014c7a821484ae73aab60f_intermediate_file.jp2.jpg,Cartoon,Poster,Text,Vintage advertisement,Art,Advertising,Illustration
gs://erudite-mote-269518-vcm/images/figgy_prod_4e_6b_6e_4e6b6ec7f29244bb98d2d099094fe691_intermediate_file.jp2.jpg,Vehicle,Poster,Vintage advertisement,Car,Vintage car,Advertising,anger,joy,surprise,sorrow
gs://erudite-mote-269518-vcm/images/figgy_prod_05_87_dd_0587ddfd2e0949649a933ec2a8825afd_intermediate_file.jp2.jpg,Text,Poster,Font,Paper,Art
gs://erudite-mote-269518-vcm/images/figgy_prod_3d_da_96_3dda9602a99e419ab26317126f3a13b9_intermediate_file.jp2.jpg,Text,Paper,Font,Document,Paper product,Technology
gs://erudite-mote-269518-vcm/images/figgy_prod_1c_4d_ee_1c4dee4ba4cd42a6b57c9b865404bab9_intermediate_file.jp2.jpg,Text,Font,Paper,Illustration,Book,Drawing,Art,Pattern,Paper product
gs://erudite-mote-269518-vcm/images/default (36).jpg,Art,anger,joy,surprise,sorrow
gs://erudite-mote-269518-vcm/images/figgy_prod_00_12_b5_0012b556c8694970924a7530d3841884_intermediate_file.jp2.jpg,Motor vehicle,Vehicle,Vintage car,Car,Illustration
gs://erudite-mote-269518-vcm/images/default (6).jpg,Paper,Paper product,Rectangle
gs://erudite-mote-269518-vcm/images/figgy_prod_02_2c_ee_022ceeb19890467ca5ebb93487c51339_intermediate_file.jp2.jpg,Picture frame,Art,Paper,Visual arts,Illustration,Drawing,Modern art
gs://erudite-mote-269518-vcm/images/figgy_prod_1e_7f_b5_1e7fb5c8ae23433f9435fd88232949b6_intermediate_file.jp2.jpg,Text,Picture frame,Drawing,Art,Illustration,Sketch,Visual arts,Paper,Square
gs://erudite-mote-269518-vcm/images/figgy_prod_3b_ad_66_3bad66a370a5409584dbfbce34905ac4_intermediate_file.jp2.jpg,Modern art,Art,Painting,Illustration,Font,Fictional character,Drawing,Visual arts
gs://erudite-mote-269518-vcm/images/figgy_prod_05_da_24_05da242bdff142b9beac2c5d7e4d4a3d_intermediate_file.jp2.jpg,Motor vehicle,Vehicle,Mode of transport,Drawing
gs://erudite-mote-269518-vcm/images/figgy_prod_3f_7b_e2_3f7be2f8487e4bca9d01b51523f94aba_intermediate_file.jp2.jpg,Text,Font,Paper product,Paper,Vehicle,Illustration
gs://erudite-mote-269518-vcm/images/figgy_prod_5f_35_eb_5f35eb8a7db7459c87822a1b24031c6f_intermediate_file.jp2.jpg,Illustration,Poster,Art,Painting,Miniature,Fictional character
gs://erudite-mote-269518-vcm/images/figgy_prod_1e_a6_8c_1ea68cd1898f4e0cb324342a54eb3902_intermediate_file.jp2.jpg,Text,Paper,Art,Illustration,Drawing,Miniature,Paper product,Antique,Fictional character
gs://erudite-mote-269518-vcm/images/figgy_prod_0b_51_fb_0b51fbc45bc64202a49cffa217b805a0_intermediate_file.jp2.jpg,Text,Fictional character,Illustration,Picture frame,Fiction,Comics,Art
gs://erudite-mote-269518-vcm/images/figgy_prod_3b_1f_f8_3b1ff8a70d6f4e40a610fdc8715facc0_intermediate_file.jp2.jpg,Text,Picture frame,Art,Drawing,Paper,Illustration,Painting,Antique
gs://erudite-mote-269518-vcm/images/figgy_prod_0f_87_d4_0f87d4dc22474681b5521b6b5c804bb5_intermediate_file.jp2.jpg,Text,Picture frame,Drawing,Art,Illustration,Paper,Antique,Paper product,Painting
gs://erudite-mote-269518-vcm/images/figgy_prod_4e_df_b6_4edfb685768c4913a51d1143e217f9d2_intermediate_file.jp2.jpg,Text,Cartoon,Poster,Vintage advertisement,Art,Illustration,Pattern,Advertising
gs://erudite-mote-269518-vcm/images/figgy_prod_3d_ef_4a_3def4a40eb5c468184742ffee6d4bb06_intermediate_file.jp2.jpg,Modern art,Painting,Art,Fictional character,Illustration,Poster,Fiction,Drawing,Visual arts,Picture frame
gs://erudite-mote-269518-vcm/images/figgy_prod_5e_b9_42_5eb942ba5e2b496e8aec754f004861c6_intermediate_file.jp2.jpg,Text,Font,Illustration,Fictional character,Paper,Art
gs://erudite-mote-269518-vcm/images/figgy_prod_06_45_d8_0645d850b98e422cbf8dcaf3c9d3f147_intermediate_file.jp2.jpg,Painting,Picture frame,Modern art,Art,Font,Room
gs://erudite-mote-269518-vcm/images/default (30).jpg,Rectangle,Square
gs://erudite-mote-269518-vcm/images/figgy_prod_0a_ec_fd_0aecfd6b989e475498aa3a753c01d616_intermediate_file.jp2.jpg,Text,Document,Paper,Font,Paper product,Book
gs://erudite-mote-269518-vcm/images/figgy_prod_2f_fd_fc_2ffdfc9d31e04bb8882131678711fb52_intermediate_file.jp2 (1).jpg,Poster,Art,Painting,Modern art,Illustration,anger,joy,surprise,sorrow
gs://erudite-mote-269518-vcm/images/figgy_prod_3d_c9_47_3dc9475f93e14d138d8d5f2e6d81fe0a_intermediate_file.jp2.jpg,Drawing
gs://erudite-mote-269518-vcm/images/figgy_prod_5b_6e_03_5b6e03f78a784ecf9b60204c5ae464bb_intermediate_file.jp2.jpg,Text,Poster,Illustration,Paper product,Vintage advertisement,Advertising,Vehicle
gs://erudite-mote-269518-vcm/images/figgy_prod_5a_4e_97_5a4e97376b454cae834c82f1bd617336_intermediate_file.jp2.jpg,Text,Font,Paper,Art,Drawing,Picture frame,Illustration,Paper product,Miniature
gs://erudite-mote-269518-vcm/images/figgy_prod_4d_23_6a_4d236a9894564fdd95bc6d3c9b0d9e5c_intermediate_file.jp2.jpg,Vehicle,Drawing,Car,Vintage car
gs://erudite-mote-269518-vcm/images/default (12).jpg,Text,Vintage advertisement,Poster,Pattern,Square,Paper,Illustration,anger,joy,surprise,sorrow
gs://erudite-mote-269518-vcm/images/figgy_prod_4c_b8_b5_4cb8b5f6fc1649759d558ef5e4092bbe_intermediate_file.jp2.jpg,Text,Picture frame,Drawing,Illustration,Art,Paper,Paper product,Antique,Sketch
gs://erudite-mote-269518-vcm/images/figgy_prod_4a_45_7c_4a457cd93db247138f78459465c1506b_intermediate_file.jp2.jpg,Text,Cartoon,Poster,Illustration,Vintage advertisement,Art,Fictional character,Miniature,Advertising
gs://erudite-mote-269518-vcm/images/default (24).jpg
gs://erudite-mote-269518-vcm/images/figgy_prod_4c_fd_17_4cfd1766c3a24f97a99b7cbd5f58dc36_intermediate_file.jp2.jpg,Cartoon,Comics,Comic book,Text,Fiction,Illustration,Fictional character,Poster,Art
gs://erudite-mote-269518-vcm/images/figgy_prod_3c_ab_49_3cab49cab6a24a98953662dcdca49dce_intermediate_file.jp2.jpg,Text,Picture frame,Illustration,Art,Drawing,Paper,Room,Painting,Antique
gs://erudite-mote-269518-vcm/images/figgy_prod_0d_84_b9_0d84b939196046c795e34ca7c4182885_intermediate_file.jp2.jpg,Text,Vehicle,Paper,Paper product
gs://erudite-mote-269518-vcm/images/figgy_prod_0f_77_03_0f77034fce6347c991515ee1bb0a2708_intermediate_file.jp2.jpg,Text,Document,Paper,Paper product,Font
gs://erudite-mote-269518-vcm/images/figgy_prod_4f_48_88_4f4888990582499e80a7c5039a8033a2_intermediate_file.jp2.jpg
gs://erudite-mote-269518-vcm/images/figgy_prod_4b_76_a1_4b76a13c3dc54bcdbada81b9436266aa_intermediate_file.jp2.jpg,Text,Poster,Modern art,Picture frame,Art,Painting,Font,Illustration,Fiction,Fictional character
gs://erudite-mote-269518-vcm/images/figgy_prod_1a_5f_bc_1a5fbc851cc54e05a7da11eb2f737b79_intermediate_file.jp2.jpg,Text,Poster,Art,Pattern,Illustration
gs://erudite-mote-269518-vcm/images/figgy_prod_5a_b8_44_5ab8449ddaf94000bb5fe4e80d78d676_intermediate_file.jp2.jpg,Art,Painting,Illustration
gs://erudite-mote-269518-vcm/images/figgy_prod_4e_6b_6e_4e6b6ec7f29244bb98d2d099094fe691_intermediate_file.jp2 (1).jpg,Poster,Vehicle,Vintage advertisement,Car,Advertising
gs://erudite-mote-269518-vcm/images/figgy_prod_05_0a_d5_050ad59b801a449fbeffed9cdf569e29_intermediate_file.jp2.jpg,Poster,Cartoon,Pattern,Art,Illustration,Vintage advertisement
gs://erudite-mote-269518-vcm/images/figgy_prod_0a_5a_92_0a5a928600cf4368ab66721be3cc60b0_intermediate_file.jp2.jpg,Text,Art,Drawing,Picture frame,Font,Illustration,Paper,Artwork,Antique,Painting
gs://erudite-mote-269518-vcm/images/figgy_prod_5c_7e_d3_5c7ed33e5760491088940729992be18b_intermediate_file.jp2.jpg,Comics,Text,Cartoon,Fiction,Comic book,Fictional character,Book,Art
gs://erudite-mote-269518-vcm/images/default (18).jpg,Text,Paper,Picture frame,Rectangle,Paper product
gs://erudite-mote-269518-vcm/images/figgy_prod_4a_65_a1_4a65a1cbb95b45c68a3f6acc2dde5ae1_intermediate_file.jp2.jpg,Vehicle,Car,Vintage car
gs://erudite-mote-269518-vcm/images/figgy_prod_2f_c0_16_2fc01619efda43bbabebf9e5462b53e3_intermediate_file.jp2.jpg,Text,Paper,Art,Picture frame,Drawing,Illustration,Fiction,Antique,Paper product
gs://erudite-mote-269518-vcm/images/figgy_prod_0e_df_a2_0edfa255cbc04af8b31b67d92b897222_intermediate_file.jp2.jpg,Text,Comics,Fiction,Illustration,Fictional character,anger,joy,surprise,sorrow
gs://erudite-mote-269518-vcm/images/figgy_prod_5e_ab_54_5eab54df8445498696ab2bf81972041f_intermediate_file.jp2.jpg,Text,Poster,Vintage advertisement,Advertising,Illustration,Paper product
gs://erudite-mote-269518-vcm/images/figgy_prod_1b_cb_c2_1bcbc2ab66ea48e590f1c526998df81a_intermediate_file.jp2.jpg,Games,Pattern,Illustration
gs://erudite-mote-269518-vcm/images/figgy_prod_db_98_92_db98927cb3564e3bb7474a98e021f7cf_intermediate_file.jp2.jpg,Text,Poster,Vintage advertisement,Art
gs://erudite-mote-269518-vcm/images/figgy_prod_76_23_f7_7623f7ee52c749ce8401e2b325da5cb4_intermediate_file.jp2.jpg,Games,Vintage advertisement,Poster
gs://erudite-mote-269518-vcm/images/figgy_prod_b0_da_ee_b0daee74854849679072c0e0c427ed12_intermediate_file.jp2.jpg,Art,Modern art,Poster,Picture frame,Painting,Visual arts
gs://erudite-mote-269518-vcm/images/figgy_prod_c1_47_14_c147149adc0944e6b90c3b13e2d9e1ac_intermediate_file.jp2.jpg,Poster,Room,Advertising,Art
gs://erudite-mote-269518-vcm/images/figgy_prod_a7_8e_19_a78e191f5a7e4825b31bd4af8def117b_intermediate_file.jp2.jpg,Picture frame,Modern art,Painting,Art,Font,Room,Rectangle
gs://erudite-mote-269518-vcm/images/figgy_prod_cc_fc_fb_ccfcfb40a6ba49c5845b53487c67cdee_intermediate_file.jp2.jpg,Text,Rectangle,Square,Illustration
gs://erudite-mote-269518-vcm/images/figgy_prod_a7_cb_4a_a7cb4aafd9204556a26a7673f66ffe45_intermediate_file.jp2.jpg,Poster,Illustration,Modern art,Painting
gs://erudite-mote-269518-vcm/images/figgy_prod_df_7c_df_df7cdfb280164f46b4714e0c6600c945_intermediate_file.jp2.jpg,Poster
gs://erudite-mote-269518-vcm/images/figgy_prod_e7_4b_24_e74b240b2ba6449f962b1f9070902d37_intermediate_file.jp2.jpg,Cartoon,Painting,Illustration,Art,Drawing
gs://erudite-mote-269518-vcm/images/figgy_prod_c8_55_2f_c8552f007d6f4870915cb8b8922dcd49_intermediate_file.jp2.jpg,Text,Cartoon,Poster,Illustration,Art,Fictional character
gs://erudite-mote-269518-vcm/images/figgy_prod_b1_c3_e8_b1c3e8ab28434684ac1abde654cab2c1_intermediate_file.jp2.jpg,Text,Font,Technology
gs://erudite-mote-269518-vcm/images/figgy_prod_ca_3f_1d_ca3f1d9efadc4ff296e3f8f8c7ab6dde_intermediate_file.jp2.jpg,Cartoon,Technology,Illustration,anger,joy,surprise,sorrow
gs://erudite-mote-269518-vcm/images/figgy_prod_ba_fe_07_bafe07352fa247d98868f12ed38f817d_intermediate_file.jp2.jpg,Motor vehicle,Mode of transport,Drawing,Sketch,Vehicle,Art,Car,Artwork,Illustration
gs://erudite-mote-269518-vcm/images/figgy_prod_ee_02_69_ee026974669648d8a8e3b4b70b50b13e_intermediate_file.jp2.jpg,Poster
gs://erudite-mote-269518-vcm/images/figgy_prod_e8_e8_b6_e8e8b6e38f8946948abd62b8845a6423_intermediate_file.jp2.jpg,Drawing,Text,Sketch,Cartoon,Artwork,Art,Paper,Illustration
gs://erudite-mote-269518-vcm/images/figgy_prod_77_5f_cf_775fcf3d2e56444a9fb684b392abf861_intermediate_file.jp2.jpg,Vehicle,Cartoon,Car
gs://erudite-mote-269518-vcm/images/figgy_prod_78_17_4a_78174a2be6904b89813a07572488a39e_intermediate_file.jp2.jpg,Painting,Art,Illustration,Miniature,Fictional character,Vehicle
gs://erudite-mote-269518-vcm/images/figgy_prod_cf_d0_ca_cfd0cad73d0c469db53341b139936bb5_intermediate_file.jp2.jpg
gs://erudite-mote-269518-vcm/images/figgy_prod_a5_42_08_a542089fd7b3457d915a7323d2dfc2c2_intermediate_file.jp2.jpg
gs://erudite-mote-269518-vcm/images/figgy_prod_ba_9d_42_ba9d425f40864ef0bc035d414dc693c0_intermediate_file.jp2.jpg,Painting,Art,Picture frame,Illustration,Fictional character,Miniature
gs://erudite-mote-269518-vcm/images/figgy_prod_c9_8c_f4_c98cf4dd8a55402ab022f2594e816c27_intermediate_file.jp2.jpg,Text,Picture frame,Art,Modern art,Room,Painting,Paper
gs://erudite-mote-269518-vcm/images/figgy_prod_71_0f_e1_710fe1404f3144b1b28327e422139880_intermediate_file.jp2.jpg,Vintage advertisement
gs://erudite-mote-269518-vcm/images/figgy_prod_86_0f_8a_860f8ae166d24203b4550943656f80b0_intermediate_file.jp2.jpg,Cartoon,Text,Illustration,Fictional character,Poster,Art,Vintage advertisement,Miniature
gs://erudite-mote-269518-vcm/images/figgy_prod_ee_7a_6e_ee7a6e459b4f422985c2cd98ba1f8d4f_intermediate_file.jp2.jpg,Poster,Illustration
gs://erudite-mote-269518-vcm/images/figgy_prod_cd_c2_56_cdc25673f7e74803b39cac0dee7e14de_intermediate_file.jp2.jpg,Text
gs://erudite-mote-269518-vcm/images/figgy_prod_d8_9b_d3_d89bd3a92ed14f24872edc0e98ad9afb_intermediate_file.jp2.jpg,Cartoon,Fictional character,Comic book,Fiction,Comics,Art,Illustration,Picture frame,Painting
gs://erudite-mote-269518-vcm/images/figgy_prod_b1_d9_ff_b1d9ff99e12c467b855bc1f3bb7eacc5_intermediate_file.jp2.jpg,Cartoon,Illustration,Poster,Technology,Vintage advertisement,Fictional character,Art
gs://erudite-mote-269518-vcm/images/figgy_prod_c8_5c_b7_c85cb7f7da054e0a8ff357a09e3d6cb8_intermediate_file.jp2.jpg,Cartoon,Art,Painting,Illustration,Drawing,Pattern,Modern art,Fictional character
gs://erudite-mote-269518-vcm/images/figgy_prod_96_83_0f_96830fc3be264b43956bf5c66464d87d_intermediate_file.jp2.jpg,Fictional character,Picture frame,Art,Painting,Illustration,Fiction,Modern art,Rectangle
gs://erudite-mote-269518-vcm/images/figgy_prod_99_5c_23_995c233f2f464e279a529b2b17d2c21a_intermediate_file.jp2.jpg,Poster,Paper,Art
gs://erudite-mote-269518-vcm/images/figgy_prod_a2_75_35_a2753507f73c41019d16914b25ffd6b8_intermediate_file.jp2.jpg,Text,Poster,Pattern,Vintage advertisement,Art,Paper,Paper product
gs://erudite-mote-269518-vcm/images/figgy_prod_b9_08_a1_b908a1ac2f2043c7b37bd030b01718fa_intermediate_file.jp2.jpg,Poster,Technology,Illustration,Vintage advertisement,anger,joy,surprise,sorrow
gs://erudite-mote-269518-vcm/images/figgy_prod_87_7e_71_877e71e97d0243ee8fa4fc9d02bddb40_intermediate_file.jp2.jpg,Rectangle,Pattern,Square,Paper
gs://erudite-mote-269518-vcm/images/figgy_prod_d8_1f_28_d81f28fb22dc4063927e9fe9eb553727_intermediate_file.jp2.jpg,Text,Poster,Cartoon,Illustration,Vintage advertisement,Paper,Art,Advertising,Paper product
gs://erudite-mote-269518-vcm/images/figgy_prod_cf_c4_af_cfc4af7bb6f34896a3769fc12c1bb0e8_intermediate_file.jp2.jpg,Text,Illustration,Art,Poster,Miniature,Fictional character
gs://erudite-mote-269518-vcm/images/figgy_prod_77_93_9c_77939caa8a1846579a5dfb210a0bbdbe_intermediate_file.jp2.jpg,Rectangle,Paper,Square,Paper product
gs://erudite-mote-269518-vcm/images/figgy_prod_76_80_23_7680234af06e4eb9aa86924698d86ef8_intermediate_file.jp2.jpg,Painting,Art,Illustration,Miniature,Fictional character
gs://erudite-mote-269518-vcm/images/figgy_prod_f0_99_3a_f0993ada781e46fbbaff60220d3763ff_intermediate_file.jp2.jpg,Poster,Advertising,Picture frame
gs://erudite-mote-269518-vcm/images/figgy_prod_b2_bf_d3_b2bfd34d9d91496a87b696f078fbce5d_intermediate_file.jp2.jpg,Picture frame,Text,Art,Painting,Drawing,Illustration,Antique,Visual arts
gs://erudite-mote-269518-vcm/images/figgy_prod_c6_13_37_c61337d034f844e295c1f4e8605705fa_intermediate_file.jp2.jpg,Poster,Advertising,anger,joy,surprise,sorrow
gs://erudite-mote-269518-vcm/images/figgy_prod_b3_d0_01_b3d001e75db8472ca661b40292a9f3a7_intermediate_file.jp2.jpg,Text,Poster,Modern art,Art,Visual arts,Painting
gs://erudite-mote-269518-vcm/images/figgy_prod_99_33_90_99339056095742a0bf29fe3310841147_intermediate_file.jp2.jpg,Text,Art,Paper,anger,joy,surprise,sorrow
gs://erudite-mote-269518-vcm/images/figgy_prod_cd_3b_b4_cd3bb4effba24e638f34bf6ef8a02f23_intermediate_file.jp2.jpg,Painting,Picture frame,Modern art,Art,Rectangle,Paper,Visual arts,Drawing
gs://erudite-mote-269518-vcm/images/figgy_prod_f0_bd_cd_f0bdcdde864b4ec68d7b06f8ab786d06_intermediate_file.jp2.jpg,Poster,Art,Games,Illustration
gs://erudite-mote-269518-vcm/images/figgy_prod_be_e2_51_bee25131e6f14db8b541ff60b3ae6690_intermediate_file.jp2.jpg,Text,Font,Picture frame,Art,Paper,Drawing,Illustration
gs://erudite-mote-269518-vcm/images/figgy_prod_b5_19_9b_b5199b50163a4c50a1749d77fdb70226_intermediate_file.jp2.jpg,Picture frame,Drawing,Paper,Art,Paper product,Illustration
gs://erudite-mote-269518-vcm/images/figgy_prod_9b_eb_93_9beb93060b514583887fceb51a572429_intermediate_file.jp2.jpg,Picture frame,Text,Art,Illustration,Drawing,Visual arts,Paper,Modern art,Square
gs://erudite-mote-269518-vcm/images/figgy_prod_9b_5a_ac_9b5aac1d53ec4672a867dadb290f0248_intermediate_file.jp2.jpg,Text,Document,Paper,Font,Paper product
gs://erudite-mote-269518-vcm/images/figgy_prod_db_dc_0e_dbdc0e3e6c3b45efbe4cac3b222607c8_intermediate_file.jp2.jpg,Transport,Mode of transport,Vehicle,Car
gs://erudite-mote-269518-vcm/images/figgy_prod_25_55_2f_25552f6c02564b20ab77d90783dbcbb1_intermediate_file.jp2.jpg,Modern art,Art,Poster,Painting,Fictional character,Font,Picture frame,Illustration,Fiction,Square
gs://erudite-mote-269518-vcm/images/figgy_prod_9f_eb_b4_9febb4dfbed448768c9df33469477740_intermediate_file.jp2.jpg,Motor vehicle,Vehicle,Transport,Car
gs://erudite-mote-269518-vcm/images/figgy_prod_24_68_88_246888d067b64b688f04bc97a14d0b80_intermediate_file.jp2.jpg
gs://erudite-mote-269518-vcm/images/figgy_prod_9c_af_45_9caf45126e4a419e9d145fdfa55bb2b6_intermediate_file.jp2.jpg,Cartoon,Art,Painting,Illustration,Fictional character
gs://erudite-mote-269518-vcm/images/figgy_prod_7d_fa_3b_7dfa3b6792f84b62b3f63d58fc584386_intermediate_file.jp2.jpg,Poster,Text,Painting,Fiction,Miniature,Illustration,Art,Fictional character
gs://erudite-mote-269518-vcm/images/figgy_prod_7a_bd_cb_7abdcb6f6f73411eb31bcd778e2f3645_intermediate_file.jp2.jpg,Text,Paper,Document,Paper product,Font,Book
gs://erudite-mote-269518-vcm/images/figgy_prod_17_ea_08_17ea0884d65141079d0f0d91c2e7b6e6_intermediate_file.jp2.jpg,Motor vehicle,Vehicle,Vintage car,Transport,Car,Mode of transport,Illustration
gs://erudite-mote-269518-vcm/images/figgy_prod_7f_a6_42_7fa642ece35e4c80a6b3c87821cabc1a_intermediate_file.jp2.jpg,Text,Font,Games,Paper
gs://erudite-mote-269518-vcm/images/figgy_prod_6b_ea_8a_6bea8a8a38a84a9d81d1df5d4c6d5a0a_intermediate_file.jp2.jpg,Text,Paper,Paper product,Art,Drawing,Notebook,Picture frame,Illustration
gs://erudite-mote-269518-vcm/images/figgy_prod_08_e1_84_08e18480527f4bb89ee0b9ceb1882e2a_intermediate_file.jp2.jpg
gs://erudite-mote-269518-vcm/images/figgy_prod_da_20_f7_da20f75100694a8abe63f53f7922e531_intermediate_file.jp2.jpg,Motor vehicle,Vehicle,Vintage car,Car,Cartoon
gs://erudite-mote-269518-vcm/images/figgy_prod_18_ff_14_18ff141ebcbf47cf8dc8c6edca232e94_intermediate_file.jp2.jpg,Cartoon,Text,Comics,Fiction,Illustration,Fictional character,Comic book,Miniature,Art
gs://erudite-mote-269518-vcm/images/figgy_prod_14_a7_f3_14a7f3fb6c0f4ff380bb7358a01721ab_intermediate_file.jp2.jpg,Motor vehicle,Vehicle,Transport,Car
gs://erudite-mote-269518-vcm/images/figgy_prod_7b_ec_57_7bec57a873a7434ea1cb3b4782d3e15b_intermediate_file.jp2.jpg,Poster,Vintage advertisement,Cartoon,Text,Advertising,Illustration
gs://erudite-mote-269518-vcm/images/figgy_prod_8d_e7_99_8de799729994483ca6ef9db5a6008304_intermediate_file.jp2.jpg,Text,Cartoon,Poster,Illustration,Fictional character,Paper,Vintage advertisement,Paper product,Advertising,Art
gs://erudite-mote-269518-vcm/images/figgy_prod_08_37_4c_08374c8c7df14466b6099ea819f920a6_intermediate_file.jp2.jpg,Text,Vintage advertisement,Advertising
gs://erudite-mote-269518-vcm/images/figgy_prod_9d_d2_cb_9dd2cbc558644115b346966b01dfb93e_intermediate_file.jp2.jpg,Text,Poster,Art,Illustration,Painting,Fictional character
gs://erudite-mote-269518-vcm/images/figgy_prod_13_f3_c2_13f3c2d468ac44508e8fc12634cb30e7_intermediate_file.jp2.jpg,Text,Drawing,Picture frame,Art,Paper,Illustration,Notebook,Paper product,Square,Sketch
gs://erudite-mote-269518-vcm/images/figgy_prod_21_ca_e2_21cae2a88cc1416fb3f94f3a12ab1ab5_intermediate_file.jp2.jpg,Vehicle,Art,Illustration,Car,Vintage car
gs://erudite-mote-269518-vcm/images/figgy_prod_7b_92_c0_7b92c01fb1ba406c9441b26fb4e330e4_intermediate_file.jp2.jpg,Text,Document,Paper,Font,Paper product,Book
gs://erudite-mote-269518-vcm/images/figgy_prod_db_02_68_db0268fe23df4f188233070aa849e1c7_intermediate_file.jp2.jpg,Picture frame,Paper,Square,Rectangle,Paper product
gs://erudite-mote-269518-vcm/images/figgy_prod_1d_f4_a3_1df4a3d7df0c4dee881e800bc17d5e99_intermediate_file.jp2.jpg,Text,Font,Document,Paper
gs://erudite-mote-269518-vcm/images/figgy_prod_7a_c6_3b_7ac63bda07ed4564b8de4be762ddb4de_intermediate_file.jp2.jpg,Picture frame,Text,Drawing,Art,Paper,Visual arts,Illustration,Paper product,Square
gs://erudite-mote-269518-vcm/images/figgy_prod_7f_9d_e6_7f9de69b525e4b98920c6cc68762e7d5_intermediate_file.jp2.jpg,Text,Paper,Document,Font,Paper product,Book
gs://erudite-mote-269518-vcm/images/figgy_prod_9b_4c_a2_9b4ca2ca0e01427a8a0b50c4f6405ff1_intermediate_file.jp2.jpg,Text,Document,Paper,Font,Paper product,Book
gs://erudite-mote-269518-vcm/images/figgy_prod_9b_9d_ec_9b9decd3db4440768f8a9f1fe278a101_intermediate_file.jp2.jpg,Text,Painting,Picture frame,Modern art,Art,Illustration,Room,Fictional character,Paper,Miniature
gs://erudite-mote-269518-vcm/images/figgy_prod_21_4d_d0_214dd0d42a3c494d88d9095f92739d42_intermediate_file.jp2.jpg,Text,Drawing,Art,Paper,Illustration,Sketch,Paper product,Fictional character
gs://erudite-mote-269518-vcm/images/figgy_prod_7d_fa_3b_7dfa3b6792f84b62b3f63d58fc584386_intermediate_file.jp2 (1).jpg,Poster,Painting,Illustration,Fiction,Art,Miniature
gs://erudite-mote-269518-vcm/images/figgy_prod_8a_61_bd_8a61bd75628846ecb44e1adb96c6de97_intermediate_file.jp2.jpg,Text,Document,Paper,Font,Paper product
gs://erudite-mote-269518-vcm/images/figgy_prod_14_cf_df_14cfdf539ce3406db14b35329bb9a51a_intermediate_file.jp2.jpg,Text,Fictional character,Paper
gs://erudite-mote-269518-vcm/images/figgy_prod_7c_8d_19_7c8d191395a647708a00cda55957aafe_intermediate_file.jp2.jpg,Text,Document,Paper,Font,Paper product
gs://erudite-mote-269518-vcm/images/figgy_prod_15_8c_80_158c80c5c55c4c338a4a387c98cc5b73_intermediate_file.jp2.jpg,Text,Poster,Vintage advertisement,Paper,Paper product,Art
gs://erudite-mote-269518-vcm/images/figgy_prod_14_5a_9c_145a9c399a7e4e8c951a60d936eaeaaa_intermediate_file.jp2.jpg,Text,Font,Poster,Rectangle,Advertising
gs://erudite-mote-269518-vcm/images/figgy_prod_d9_42_5b_d9425be6848e494fab62c1138ba792db_intermediate_file.jp2.jpg,Text,Poster,Vintage advertisement,Paper,Art,Illustration
gs://erudite-mote-269518-vcm/images/figgy_prod_08_c7_0b_08c70bbc06b740f991051391655fb29a_intermediate_file.jp2.jpg,Rectangle,Picture frame,Paper,Square
gs://erudite-mote-269518-vcm/images/figgy_prod_d0_1d_0d_d01d0dfb7ab5416a8ef99552a3408e26_intermediate_file.jp2.jpg,Visual arts,Picture frame,Painting,Art,Square,Paper,Paper product
gs://erudite-mote-269518-vcm/images/figgy_prod_14_b5_36_14b536163fa64c3d831f8e2484e049e2_intermediate_file.jp2.jpg,Text,Poster,Illustration,Painting,Art,Miniature,Fictional character,Fiction
gs://erudite-mote-269518-vcm/images/figgy_prod_19_cd_d7_19cdd7cbb6f943b3b47802f0b510773b_intermediate_file.jp2.jpg,Comics,Text,Cartoon,Fiction,Comic book,Illustration,Fictional character,Miniature,Vintage advertisement
gs://erudite-mote-269518-vcm/images/figgy_prod_14_52_4b_14524bb086b940c289994e5ea9dcc230_intermediate_file.jp2.jpg,Motor vehicle,Mode of transport,Transport,Vehicle,Car,Picture frame
gs://erudite-mote-269518-vcm/images/figgy_prod_43_4c_1f_434c1f43e5eb4114a049671675bd41d3_intermediate_file.jp2.jpg,Vintage advertisement,Poster,Advertising,anger,joy,surprise,sorrow
gs://erudite-mote-269518-vcm/images/figgy_prod_ea_9b_d6_ea9bd6bfeabd42d7bcdbfdb503d1b83c_intermediate_file.jp2.jpg,Text,Paper,Paper product,Art,Illustration,Drawing
gs://erudite-mote-269518-vcm/images/figgy_prod_6c_c3_cd_6cc3cd2a874f476e8b13251cf4162e52_intermediate_file.jp2.jpg,Text,Paper,Illustration,Art,Font,Paper product,Drawing,Antique
gs://erudite-mote-269518-vcm/images/figgy_prod_db_39_4a_db394ae4bfa84ecfb453777566ed14f0_intermediate_file.jp2.jpg,Text,Document,Font,Paper,Paper product
gs://erudite-mote-269518-vcm/images/figgy_prod_26_34_36_2634365470484947b1ca71afcd0d277b_intermediate_file.jp2.jpg,Text,Paper,Paper product,Room,Picture frame
gs://erudite-mote-269518-vcm/images/figgy_prod_36_7b_6a_367b6a0541b94d5c8c4a46cc52ea9906_intermediate_file.jp2.jpg,Text,Document,Paper,Font,Paper product
gs://erudite-mote-269518-vcm/images/figgy_prod_68_9c_19_689c19e4ea3e4706823833e6cabeefb8_intermediate_file.jp2.jpg,Text,Comics,Fiction,Fictional character,Poster,Illustration,Comic book,Art,Book
gs://erudite-mote-269518-vcm/images/figgy_prod_36_1b_15_361b154a12c34a8694f3f7cb7847e4c0_intermediate_file.jp2.jpg,Text,Document,Paper,Font,Paper product,Book
gs://erudite-mote-269518-vcm/images/figgy_prod_34_ea_2c_34ea2cd3a9ee4e518695a08f46dcf65c_intermediate_file.jp2.jpg,Poster,Text,Font,Vintage advertisement,Advertising,Paper,Art,Picture frame
gs://erudite-mote-269518-vcm/images/figgy_prod_39_cb_dc_39cbdc6b862f403a88caefa49c2a8031_intermediate_file.jp2.jpg,Text
gs://erudite-mote-269518-vcm/images/figgy_prod_ed_72_33_ed72338522c44138b126b805ffe7b0b0_intermediate_file.jp2.jpg,Text,Illustration
gs://erudite-mote-269518-vcm/images/figgy_prod_46_59_f7_4659f7c11c3f45589829035e21bc93e1_intermediate_file.jp2.jpg,Text,Drawing,Art,Paper,Illustration
gs://erudite-mote-269518-vcm/images/figgy_prod_32_6b_29_326b29c716e34ef495893ebb68b99abc_intermediate_file.jp2.jpg,Text
gs://erudite-mote-269518-vcm/images/figgy_prod_ef_85_b2_ef85b2b79092468cbe60cfb54dacc885_intermediate_file.jp2.jpg,Text,Poster,Vintage advertisement,Paper,Art,Illustration
gs://erudite-mote-269518-vcm/images/figgy_prod_32_4b_a1_324ba1eb12354a92b4f6feb4a08e636e_intermediate_file.jp2.jpg,Text,Paper,Paper product,Picture frame,Rectangle,Square
gs://erudite-mote-269518-vcm/images/figgy_prod_26_78_71_2678710860d943499a7e2ff31c228875_intermediate_file.jp2.jpg,Drawing,Text,Illustration,Sketch,Art,Artwork
gs://erudite-mote-269518-vcm/images/figgy_prod_41_0a_af_410aaf97fadc43f78f0a208c00148594_intermediate_file.jp2.jpg,Rectangle,Paper,Picture frame,Square
gs://erudite-mote-269518-vcm/images/figgy_prod_ef_ac_34_efac34914b2b4b458f3f805698a815c1_intermediate_file.jp2.jpg,Text,Drawing,Font,Illustration,Paper,Paper product,Fictional character,Art
gs://erudite-mote-269518-vcm/images/figgy_prod_f7_02_06_f70206d0e7dd4f34aadbfdcb33ae878a_intermediate_file.jp2.jpg,Vintage advertisement,Poster,Text,Illustration,Art,Advertising
gs://erudite-mote-269518-vcm/images/figgy_prod_f2_b1_a3_f2b1a3d9c75049a19c60b9d6ac408fd4_intermediate_file.jp2.jpg,Modern art,Picture frame,Art,Painting,Visual arts,Font,Rectangle
gs://erudite-mote-269518-vcm/images/figgy_prod_ea_5e_0f_ea5e0fb83e6f4dd18107244e698ed9b1_intermediate_file.jp2.jpg,Comics,Text,Cartoon,Comic book,Fiction,Illustration,Fictional character,Art
gs://erudite-mote-269518-vcm/images/figgy_prod_47_04_10_470410a71e53482096f68a7a6ebbd8cc_intermediate_file.jp2.jpg,Cartoon,Poster,Vintage advertisement,Illustration,Art
gs://erudite-mote-269518-vcm/images/figgy_prod_48_ca_f6_48caf63d42234bd39b02c35a6baec713_intermediate_file.jp2.jpg,Drawing,Art,Sketch,Notebook,Paper,Illustration,Paper product,Picture frame,Square,Artwork
gs://erudite-mote-269518-vcm/images/figgy_prod_30_4e_be_304ebeb1d9254cfe83db93bf685fa679_intermediate_file.jp2.jpg,Text,Picture frame,Drawing,Modern art,Painting,Art,Paper,Artwork,Visual arts
gs://erudite-mote-269518-vcm/images/figgy_prod_fc_63_c9_fc63c95538c3497cbb3bfcbe219e155b_intermediate_file.jp2.jpg,Text,Document,Paper,Font,Paper product,Book
gs://erudite-mote-269518-vcm/images/figgy_prod_f6_e7_d9_f6e7d9943a1b4d4eb1f0b7fde4fd81f7_intermediate_file.jp2.jpg,Text,Picture frame,Pattern,Art,Illustration,Miniature,Drawing,Antique,Painting
gs://erudite-mote-269518-vcm/images/figgy_prod_37_62_8d_37628d2cce3047e5b96e5b0df185ea7f_intermediate_file.jp2.jpg,Text,Poster,Cartoon,Vintage advertisement,Font,Illustration,Paper,Paper product
gs://erudite-mote-269518-vcm/images/figgy_prod_fa_6a_9a_fa6a9aa9b7764edaa57d3461b361a54b_intermediate_file.jp2.jpg,Text,Font,Technology,Games
gs://erudite-mote-269518-vcm/images/figgy_prod_f6_e6_0f_f6e60f165cba471c9538899a8ad63ee6_intermediate_file.jp2.jpg,Text,Picture frame,Drawing,Paper,Notebook,Paper product,Art,Illustration,Sketch,Antique
gs://erudite-mote-269518-vcm/images/figgy_prod_f4_65_f2_f465f24d73ad42bc8c820577748171c0_intermediate_file.jp2.jpg
gs://erudite-mote-269518-vcm/images/figgy_prod_eb_d2_98_ebd298cbe28a490abf14d70c5ecfa95a_intermediate_file.jp2.jpg,Picture frame,Text,Art,Drawing,Illustration,Paper,Painting,Antique,Fictional character
gs://erudite-mote-269518-vcm/images/figgy_prod_36_22_1b_36221b5e39564275b4b42571ec5f8870_intermediate_file.jp2.jpg,Text,Document,Paper,Font,Paper product
gs://erudite-mote-269518-vcm/images/figgy_prod_41_04_db_4104db9a16ab4c35b958549688af24a4_intermediate_file.jp2.jpg,Vintage advertisement,Text,Poster,Advertising
gs://erudite-mote-269518-vcm/images/figgy_prod_44_a4_2c_44a42ce02b204e069ef4d288d0498e60_intermediate_file.jp2.jpg,Text,Font
gs://erudite-mote-269518-vcm/images/figgy_prod_ed_72_33_ed72338522c44138b126b805ffe7b0b0_intermediate_file.jp2 (1).jpg,Text,Font
gs://erudite-mote-269518-vcm/images/figgy_prod_25_df_61_25df61377d0b40ddbae375980e43a4f6_intermediate_file.jp2.jpg,Text,Font,Rectangle,Pattern,Paper
gs://erudite-mote-269518-vcm/images/figgy_prod_d3_d2_93_d3d2936a24ae4f1b9cfb50d78b196722_intermediate_file.jp2.jpg,Text,Picture frame,Drawing,Art,Illustration,Paper,Paper product,Square
gs://erudite-mote-269518-vcm/images/figgy_prod_fb_43_31_fb4331d573534cda98f5b533165649fb_intermediate_file.jp2.jpg,Text,Paper,Font
gs://erudite-mote-269518-vcm/images/figgy_prod_36_30_01_36300140afcc473db11a8dd6245e8291_intermediate_file.jp2.jpg,Text,Poster,Vintage advertisement,Advertising
gs://erudite-mote-269518-vcm/images/figgy_prod_ed_30_81_ed3081f538184696b40acd2534e1d4a6_intermediate_file.jp2.jpg,Text,Paper,Font,Paper product,Document,Book,Drawing
gs://erudite-mote-269518-vcm/images/figgy_prod_ea_f3_ef_eaf3eff4a3574fa08d6e03f28e30dece_intermediate_file.jp2.jpg,Motor vehicle,Transport,Vehicle,Car,Mode of transport,Advertising
gs://erudite-mote-269518-vcm/images/figgy_prod_28_34_24_28342406920b43f9a75895c6e0a483b9_intermediate_file.jp2.jpg,Poster,Vintage advertisement,Text,Advertising,Illustration,Art,Paper,Paper product
gs://erudite-mote-269518-vcm/images/figgy_prod_f3_31_a7_f331a7d7c0cf4f4e9c9c64a5a1d423ae_intermediate_file.jp2.jpg,Vintage advertisement,Poster,Text,Pattern,Illustration,Art
gs://erudite-mote-269518-vcm/images/figgy_prod_f3_82_22_f3822278ee444a23a626696d49db1fe3_intermediate_file.jp2.jpg,Transport,Cartoon,Art,Vehicle,Drawing,Illustration
gs://erudite-mote-269518-vcm/images/figgy_prod_e9_15_aa_e915aae99b20407bb7e6fb6677de6968_intermediate_file.jp2.jpg,Text,Illustration,Picture frame,Font,Art,Drawing,Fictional character,Paper
gs://erudite-mote-269518-vcm/images/figgy_prod_46_dd_a6_46dda6b090bb439fac02a5bc3573e327_intermediate_file.jp2.jpg,Vintage advertisement,Poster,Vehicle,Illustration,Fictional character
gs://erudite-mote-269518-vcm/images/figgy_prod_42_eb_5e_42eb5e8aad0446a4b6d7398b1c3594c7_intermediate_file.jp2.jpg,Text,Vintage advertisement,Pattern,Paper
gs://erudite-mote-269518-vcm/images/figgy_prod_43_e5_26_43e526c1d41d43b6b995868ccd37aff7_intermediate_file.jp2.jpg,Cartoon,Text,Comics,Fiction,Comic book,Art,Illustration,Miniature,anger,joy,surprise,sorrow
gs://erudite-mote-269518-vcm/images/figgy_prod_a4_73_69_a473695a16b047caa045587384410c5b_intermediate_file.jp2.jpg,Poster,Advertising
gs://erudite-mote-269518-vcm/images/figgy_prod_a7_2c_f6_a72cf607f7b34733a3087c49aa486b72_intermediate_file.jp2.jpg,Poster,Technology,Illustration,anger,joy,surprise,sorrow
gs://erudite-mote-269518-vcm/images/figgy_prod_42_35_14_423514d32ae14a8ebd127aa238b13865_intermediate_file.jp2 (1).jpg,Cartoon,Comics,Text,Fiction,Fictional character,Games
gs://erudite-mote-269518-vcm/images/figgy_prod_43_f0_13_43f0132e283d4ae3acf0207c9003c96f_intermediate_file.jp2.jpg,Text,Font
gs://erudite-mote-269518-vcm/images/figgy_prod_25_bf_86_25bf865564a740d88b729305bdb0ad47_intermediate_file.jp2.jpg,Rectangle,Picture frame
gs://erudite-mote-269518-vcm/images/figgy_prod_fb_16_ec_fb16ec1234a04dfea81f7662953df78d_intermediate_file.jp2.jpg
gs://erudite-mote-269518-vcm/images/figgy_prod_ee_dd_51_eedd510728804c87ae81cdc4e308594e_intermediate_file.jp2.jpg,Text,Illustration,Pattern
gs://erudite-mote-269518-vcm/images/figgy_prod_a5_f9_6a_a5f96a00b033418890944898ed7d5a8b_intermediate_file.jp2.jpg
gs://erudite-mote-269518-vcm/images/figgy_prod_88_3d_19_883d19aa57b447a5ab72c32cd0df9edb_intermediate_file.jp2.jpg,Transport,Vehicle
gs://erudite-mote-269518-vcm/images/figgy_prod_e8_d6_c2_e8d6c22a632146fab1bd85e92f2eb745_intermediate_file.jp2.jpg,Text,Paper,Illustration,Paper product,Fictional character
gs://erudite-mote-269518-vcm/images/figgy_prod_a3_83_77_a383775b43634663bf79d61926f878f6_intermediate_file.jp2.jpg,Text,Font
gs://erudite-mote-269518-vcm/images/figgy_prod_c4_89_6e_c4896e5db9ab4faaa180f9d2de90f9d2_intermediate_file.jp2.jpg,Picture frame,Painting,Art,Square,Illustration
gs://erudite-mote-269518-vcm/images/figgy_prod_97_13_4d_97134d21d35c4def90c6cecfea1d38f0_intermediate_file.jp2.jpg,Text,Picture frame,Miniature,Art,Illustration,Font,Paper,Antique
gs://erudite-mote-269518-vcm/images/figgy_prod_97_63_34_976334c9d00f4c6baf1a0eb8b85654f9_intermediate_file.jp2.jpg,Rectangle
gs://erudite-mote-269518-vcm/images/figgy_prod_ab_71_61_ab7161286c5c48cda2beee2c18beff0f_intermediate_file.jp2.jpg,Vehicle
gs://erudite-mote-269518-vcm/images/figgy_prod_a3_6e_a4_a36ea449b6c140b8a9939f00b4a90a0d_intermediate_file.jp2.jpg,Text,Font
gs://erudite-mote-269518-vcm/images/figgy_prod_b3_79_64_b37964c652634c378d61afa721259302_intermediate_file.jp2.jpg,Motor vehicle,Mode of transport,Transport,Vehicle,Car
gs://erudite-mote-269518-vcm/images/figgy_prod_a6_cd_7e_a6cd7ec926bc4369a75017a433c6c1c8_intermediate_file.jp2.jpg,Art
gs://erudite-mote-269518-vcm/images/figgy_prod_b3_c5_16_b3c51674b9d744d181bbc310c6ed779e_intermediate_file.jp2.jpg,Cartoon,Text,Comics,Fiction,Comic book,Illustration,Fictional character,Art
gs://erudite-mote-269518-vcm/images/figgy_prod_b9_2e_a0_b92ea0468cc94d0493522d2b02b00393_intermediate_file.jp2.jpg,Picture frame,Art,Drawing,Illustration,Paper
gs://erudite-mote-269518-vcm/images/figgy_prod_a6_89_1c_a6891cca328c40f790716395d900c40c_intermediate_file.jp2.jpg,Text,Room,Rectangle
gs://erudite-mote-269518-vcm/images/figgy_prod_cb_1f_3c_cb1f3ca1536c4c7388f4f610cd0659a6_intermediate_file.jp2.jpg,Poster,Vintage advertisement,Illustration
gs://erudite-mote-269518-vcm/images/figgy_prod_93_f8_81_93f8813ebf10470cac9eadf36eb182ff_intermediate_file.jp2.jpg
gs://erudite-mote-269518-vcm/images/figgy_prod_90_8f_62_908f621e174e4b8190e266a327ca6c49_intermediate_file.jp2.jpg,Motor vehicle,Vehicle,Car,Mode of transport,Transport,Vintage car,Illustration,Drawing
gs://erudite-mote-269518-vcm/images/figgy_prod_be_d6_fb_bed6fb58a1dd48ccbd9685fd816194e1_intermediate_file.jp2.jpg,Text,Poster,Vintage advertisement,Games
gs://erudite-mote-269518-vcm/images/figgy_prod_bd_3f_ae_bd3fae2fee82498aaf5b96ac94468266_intermediate_file.jp2.jpg,Text
gs://erudite-mote-269518-vcm/images/figgy_prod_ad_03_9d_ad039d01d2af4deba033d0bbbaf24407_intermediate_file.jp2.jpg,Text,Comics,Cartoon,Comic book,Fiction,Art,Book,Pattern,Illustration
gs://erudite-mote-269518-vcm/images/figgy_prod_cb_1f_3c_cb1f3ca1536c4c7388f4f610cd0659a6_intermediate_file.jp2 (1).jpg,Poster,Vintage advertisement,Fiction
gs://erudite-mote-269518-vcm/images/figgy_prod_a6_ca_ad_a6caad7e10444d1480ee82f7c96a992e_intermediate_file.jp2.jpg,Text,Picture frame,Art,Modern art,Poster,Painting,Room,Illustration,Fiction,Square
gs://erudite-mote-269518-vcm/images/figgy_prod_a3_7f_9e_a37f9ed281514919b7fa4fee8893087d_intermediate_file.jp2.jpg,Text,Illustration,Art,Painting,Miniature,Paper product
gs://erudite-mote-269518-vcm/images/figgy_prod_b5_b3_8c_b5b38c692f8d458c9d96d0f0a002c581_intermediate_file.jp2.jpg,Text,Drawing,Picture frame,Art,Illustration,Paper,Antique,Paper product,Notebook
gs://erudite-mote-269518-vcm/images/figgy_prod_b9_c9_14_b9c914c1553b45de9a90378c142f1512_intermediate_file.jp2.jpg,Picture frame,Drawing,Art,Modern art,Paper,Sketch,Illustration,Notebook
gs://erudite-mote-269518-vcm/images/figgy_prod_97_b0_40_97b040a39526401da7d358afd83ed22a_intermediate_file.jp2.jpg,Poster,Text,Vintage advertisement,Art,Illustration,Advertising
gs://erudite-mote-269518-vcm/images/figgy_prod_a3_9a_a8_a39aa804b8d94c27a86d21d7ccc7cfb1_intermediate_file.jp2.jpg,Text,Picture frame,Art,Drawing,Illustration,Paper,Antique,Visual arts,Notebook
gs://erudite-mote-269518-vcm/images/figgy_prod_c5_04_5e_c5045e4a9d5f41fb99ad3bba55450eef_intermediate_file.jp2.jpg,Poster,Modern art,Painting,Art,Vehicle,Picture frame,Illustration
gs://erudite-mote-269518-vcm/images/figgy_prod_b4_5d_d3_b45dd3a37b5d413f8e75cae2507aac22_intermediate_file.jp2.jpg,Text,Paper,Font,Art,Illustration,Drawing,Paper product,Fictional character,Artwork
gs://erudite-mote-269518-vcm/images/figgy_prod_bd_2e_ae_bd2eaed3fbeb434c87269788004b1aa2_intermediate_file.jp2.jpg,Paper,Paper product,Picture frame,Rectangle
gs://erudite-mote-269518-vcm/images/figgy_prod_86_f5_83_86f583e092d844b9938cf8d289aca18c_intermediate_file.jp2.jpg,Picture frame,Text,Art,Painting,Illustration,Antique,Miniature,Visual arts,Drawing
gs://erudite-mote-269518-vcm/images/figgy_prod_b8_d3_07_b8d307fcc3ba4bc883c17744be716c11_intermediate_file.jp2.jpg,Text,Cartoon,Fiction,Comics,Miniature,Illustration,Art,Fictional character
gs://erudite-mote-269518-vcm/images/figgy_prod_a7_0d_0b_a70d0b1ce23e46168373d0f78f2b501b_intermediate_file.jp2.jpg
gs://erudite-mote-269518-vcm/images/figgy_prod_c8_ba_a7_c8baa7b6058b4e9a92089299d160dfde_intermediate_file.jp2.jpg,Text,Picture frame,Paper,Art,Drawing,Paper product,Illustration,Square
gs://erudite-mote-269518-vcm/images/figgy_prod_bc_6a_f9_bc6af9bc3b164afdb895f0994644cd0d_intermediate_file.jp2.jpg,Text,Vintage advertisement,Poster,Art,Picture frame,Illustration
gs://erudite-mote-269518-vcm/images/figgy_prod_a8_a8_c1_a8a8c1f89f38417db05796b6ef220c5d_intermediate_file.jp2.jpg,Comics,Poster,Cartoon,Fiction,Illustration,Art
gs://erudite-mote-269518-vcm/images/figgy_prod_b6_f9_3c_b6f93cd838094b06b387ced5cee8e96b_intermediate_file.jp2.jpg,Text,Illustration,Paper,Art,Picture frame,Drawing,Fiction,Paper product,Fictional character
gs://erudite-mote-269518-vcm/images/figgy_prod_95_93_54_95935460b08b416dbf8f411f7265d7fb_intermediate_file.jp2.jpg,Vintage advertisement,Text,Poster,Advertising
gs://erudite-mote-269518-vcm/images/figgy_prod_c8_18_ed_c818edeb566146198a96762ea3c3c2a4_intermediate_file.jp2.jpg,Art,Modern art,Painting,Picture frame
gs://erudite-mote-269518-vcm/images/figgy_prod_f8_0c_db_f80cdbd8fbed4a76b3a4a0f7885511ce_intermediate_file.jp2.jpg,Text,Picture frame,Art,Illustration,Miniature,Paper,Drawing,Antique,Painting
gs://erudite-mote-269518-vcm/images/figgy_prod_ca_98_17_ca9817a1c17d43f5a034e74179117cda_intermediate_file.jp2.jpg,Text,Drawing,Illustration,Font,Art,Paper,Picture frame,Fictional character,Modern art
gs://erudite-mote-269518-vcm/images/figgy_prod_cb_5e_bd_cb5ebd50b54747708e36d53b5e94fbf9_intermediate_file.jp2.jpg,Text
gs://erudite-mote-269518-vcm/images/figgy_prod_a3_7f_9e_a37f9ed281514919b7fa4fee8893087d_intermediate_file.jp2 (1).jpg,Text,Poster,Art,Illustration
gs://erudite-mote-269518-vcm/images/figgy_prod_e8_fd_26_e8fd26172b76429dbe8dded0c30a2eed_intermediate_file.jp2.jpg,Picture frame,Art,Modern art,Painting,Square
gs://erudite-mote-269518-vcm/images/figgy_prod_c5_7a_c9_c57ac9d9effc44adb0202c3d5872b2b4_intermediate_file.jp2.jpg,Motor vehicle,Vehicle,Transport,Car,Advertising,Vintage car
gs://erudite-mote-269518-vcm/images/figgy_prod_b4_12_be_b412bee63c5645d5a9413a1c137cc154_intermediate_file.jp2.jpg,Cartoon,Painting,Art,Drawing,Illustration,Modern art,Sketch,Artwork
gs://erudite-mote-269518-vcm/images/figgy_prod_bb_01_39_bb0139074afa4b4f86fac6cf0d74161e_intermediate_file.jp2.jpg,Text,Document,Paper,Font,Paper product,Book
gs://erudite-mote-269518-vcm/images/figgy_prod_b4_0b_4d_b40b4d3fd97947b1949f8960242268f8_intermediate_file.jp2.jpg,Text,Drawing,Picture frame,Art,Sketch,Illustration,Paper,Paper product,Notebook
gs://erudite-mote-269518-vcm/images/figgy_prod_a8_a8_c1_a8a8c1f89f38417db05796b6ef220c5d_intermediate_file.jp2 (1).jpg,Comics,Fiction,Comic book,Poster,Cartoon,Illustration,Vintage advertisement,Fictional character,Book,Art
gs://erudite-mote-269518-vcm/images/figgy_prod_c7_3c_8e_c73c8e847d024d9e8839c37f067d5d43_intermediate_file.jp2.jpg,Transport,Vehicle,Drawing,Sketch,Car,Illustration
gs://erudite-mote-269518-vcm/images/figgy_prod_a2_72_91_a27291aef11644cbaa72f5633963aa62_intermediate_file.jp2.jpg,Picture frame,Room,Art,Illustration,Drawing,Square,Paper,Antique,Paper product
gs://erudite-mote-269518-vcm/images/figgy_prod_98_32_47_983247d833a94b2da296678b7ff9651e_intermediate_file.jp2.jpg,Text,Document,Paper,Font,Paper product,Book
gs://erudite-mote-269518-vcm/images/figgy_prod_b1_4e_eb_b14eeb74d72c412f9ae359001632053e_intermediate_file.jp2.jpg,Text,Cartoon,Illustration,Paper,Paper product,Fictional character,Vintage advertisement,Miniature
gs://erudite-mote-269518-vcm/images/figgy_prod_54_0b_f5_540bf59c62864e219687049e6b098c13_intermediate_file.jp2.jpg,Text,Paper,Paper product,Rectangle,Square
gs://erudite-mote-269518-vcm/images/figgy_prod_51_ec_bf_51ecbfb28bad4a1182d02fc986f84286_intermediate_file.jp2.jpg,Cartoon,Text,Drawing,Art,Illustration,Sketch,Artwork,Fictional character,Paper,Antique
gs://erudite-mote-269518-vcm/images/figgy_prod_79_4d_71_794d71a9a3474bc687b95fa6cd06052f_intermediate_file.jp2.jpg,Painting,Art,Picture frame
gs://erudite-mote-269518-vcm/images/figgy_prod_e8_55_91_e85591030e814f4eabbeb3b693c513e6_intermediate_file.jp2.jpg,Text,Vintage advertisement,Illustration
gs://erudite-mote-269518-vcm/images/figgy_prod_d0_dc_7e_d0dc7e90ba2d4763a63b0bf3fe1dc792_intermediate_file.jp2.jpg,Text,Font,Art,Paper,Picture frame,Drawing,Illustration,Modern art
gs://erudite-mote-269518-vcm/images/figgy_prod_e5_ab_22_e5ab229f82ba492cb9da1a5bb9d37aeb_intermediate_file.jp2.jpg,Text,Font,Games
gs://erudite-mote-269518-vcm/images/figgy_prod_85_3a_8a_853a8ad71edb497c838db0271c208880_intermediate_file.jp2.jpg,Room,Rectangle,Paper,Square
gs://erudite-mote-269518-vcm/images/figgy_prod_da_ed_dd_daeddd9a9c2c4b7d872aa48e245cd56c_intermediate_file.jp2.jpg,Text,Drawing,Font,Paper,Paper product,Sketch,Notebook,Illustration,Art
gs://erudite-mote-269518-vcm/images/figgy_prod_64_6a_28_646a28c6c11d4c988a82e72d0ba9ea2d_intermediate_file.jp2 (1).jpg,Text,Poster,Vintage advertisement,Picture frame,Advertising,Art
gs://erudite-mote-269518-vcm/images/figgy_prod_52_f9_54_52f954e5eb0f4daf8ee758587dfe77e2_intermediate_file.jp2.jpg,Cartoon,Text,Comic book,Comics,Fiction,Fictional character,Illustration,Art
gs://erudite-mote-269518-vcm/images/figgy_prod_63_b4_14_63b41479ae6849dcaf03822531e3266b_intermediate_file.jp2.jpg,Text,Font,Square,Games
gs://erudite-mote-269518-vcm/images/figgy_prod_55_38_fb_5538fb83e28a4ef9aeaa3a19a86beffb_intermediate_file.jp2.jpg,Cartoon,Illustration,Art,Drawing,Paper product,Fictional character,Sketch,Fiction
gs://erudite-mote-269518-vcm/images/figgy_prod_78_31_84_78318474a52d4cb58c006c1bc8ce7a50_intermediate_file.jp2.jpg,Text,Cartoon,Poster,Vintage advertisement,Art,Illustration,Pattern,Paper
gs://erudite-mote-269518-vcm/images/figgy_prod_66_d2_8d_66d28d0bd97d43b8b805b7fd69386396_intermediate_file.jp2.jpg,Cartoon,Illustration,Painting,Fictional character,Art
gs://erudite-mote-269518-vcm/images/figgy_prod_65_f1_09_65f109c0f5b44bb487d64bf1f916ff50_intermediate_file.jp2.jpg,Poster,Illustration
gs://erudite-mote-269518-vcm/images/figgy_prod_84_32_bf_8432bf8ce3234ec1a6207aa5c3494339_intermediate_file.jp2.jpg,Text,Illustration,Fictional character
gs://erudite-mote-269518-vcm/images/figgy_prod_83_25_d7_8325d7f4680d44c9ad12725789f55c2b_intermediate_file.jp2.jpg
gs://erudite-mote-269518-vcm/images/figgy_prod_75_c7_10_75c710bcf1a442f9b1f94870f0be25cd_intermediate_file.jp2.jpg,Motor vehicle,Vintage car,Car,Vehicle
gs://erudite-mote-269518-vcm/images/figgy_prod_cd_da_8e_cdda8eb58e304b8882f6d6eea73ff9a7_intermediate_file.jp2.jpg,Text,Drawing,Illustration,Paper,Art,Font,Picture frame,Paper product,Artwork
gs://erudite-mote-269518-vcm/images/figgy_prod_66_cd_fe_66cdfe155abc4132800ec2fb73a69d8b_intermediate_file.jp2.jpg,Motor vehicle,Vehicle,Vintage car,Car,Transport,Mode of transport
gs://erudite-mote-269518-vcm/images/figgy_prod_60_f1_70_60f170a3808d4fceb42745c669fc161d_intermediate_file.jp2.jpg,Modern art,Art,Painting,Fictional character,Picture frame,Illustration,Square,Fiction,Drawing,Rectangle
gs://erudite-mote-269518-vcm/images/figgy_prod_80_1b_52_801b525060ed485a9919a1f1e9e03d74_intermediate_file.jp2.jpg,Comics,Text,Fiction,Comic book,Cartoon,Fictional character,Illustration,Games,Miniature
gs://erudite-mote-269518-vcm/images/figgy_prod_82_81_c5_8281c52d29be4bfdb02aaafabe440869_intermediate_file.jp2.jpg,Comics,Cartoon,Comic book,Fiction,Text,Illustration,Art,Fictional character,Miniature
gs://erudite-mote-269518-vcm/images/figgy_prod_52_8f_75_528f75fe30914a67a4626b56b43d0ff0_intermediate_file.jp2.jpg,Text,Drawing,Sketch,Art,Notebook,Illustration,Paper,Paper product,Visual arts,Picture frame
gs://erudite-mote-269518-vcm/images/figgy_prod_70_46_3d_70463da82e3f46978244eba41875de03_intermediate_file.jp2.jpg,Text,Drawing,Art,Illustration,Paper,Paper product,Fictional character
gs://erudite-mote-269518-vcm/images/figgy_prod_72_6d_79_726d797deb0c4098a84f82b888153ea5_intermediate_file.jp2.jpg,Text,Font
gs://erudite-mote-269518-vcm/images/figgy_prod_64_42_6c_64426c385ec24c8f99f4e0caefb33a7c_intermediate_file.jp2.jpg,Poster,Text,Cartoon,Vintage advertisement,Art,Illustration
gs://erudite-mote-269518-vcm/images/figgy_prod_69_30_21_693021a9dd4d457087f71df1d9ae5e56_intermediate_file.jp2.jpg,Poster,Vehicle,Vintage advertisement,Car
gs://erudite-mote-269518-vcm/images/figgy_prod_80_56_de_8056dee80b5f44a288beb47de033e320_intermediate_file.jp2.jpg,Picture frame,Rectangle,Square,Art
gs://erudite-mote-269518-vcm/images/figgy_prod_db_40_fd_db40fdfb956c45ee868d68bcc349b562_intermediate_file.jp2.jpg,Text,Paper,Paper product,Rectangle
gs://erudite-mote-269518-vcm/images/figgy_prod_58_32_ce_5832ce85d98143bca69af3e834ed5e99_intermediate_file.jp2.jpg,Text,Font,Miniature,Paper,Fictional character,Illustration,Art
gs://erudite-mote-269518-vcm/images/figgy_prod_55_9b_db_559bdb82469449178815d0f3c2155891_intermediate_file.jp2.jpg,Text,Cartoon,Illustration,Art,Painting,Modern art,Fictional character,Picture frame,Drawing
gs://erudite-mote-269518-vcm/images/figgy_prod_e3_e0_a8_e3e0a82fcdd6454b9220e5e6ebc00825_intermediate_file.jp2.jpg,Picture frame
gs://erudite-mote-269518-vcm/images/figgy_prod_62_97_80_629780044d2c46ae879a781f75febf1f_intermediate_file.jp2.jpg,Vehicle,Rectangle,Art,Car
gs://erudite-mote-269518-vcm/images/figgy_prod_50_c5_54_50c554e700e84aac8c0019494ba13ca8_intermediate_file.jp2.jpg,Text,Font,Drawing,Paper,Illustration,Sketch,Art,Paper product,Fiction,Antique
gs://erudite-mote-269518-vcm/images/figgy_prod_70_b1_26_70b12675fc524f529bb44dee94e883f5_intermediate_file.jp2.jpg,Text,Art,Drawing,Illustration,Font,Picture frame,Paper,Miniature,Antique
gs://erudite-mote-269518-vcm/images/figgy_prod_82_21_a9_8221a9621c8f47f286d9c642911a5e2c_intermediate_file.jp2.jpg,Text,Document,Paper,Font,Paper product
gs://erudite-mote-269518-vcm/images/figgy_prod_72_59_73_7259736a06854f33ae4c8cc83dfa6a15_intermediate_file.jp2.jpg,Text
gs://erudite-mote-269518-vcm/images/figgy_prod_61_c9_37_61c93791f2184e80acd54d0d4ba1578f_intermediate_file.jp2.jpg,Cartoon,Poster,Illustration,Advertising
gs://erudite-mote-269518-vcm/images/figgy_prod_57_cd_ed_57cded821d7340efbd0fa6668228ff66_intermediate_file.jp2.jpg,Text,Paper
gs://erudite-mote-269518-vcm/images/figgy_prod_81_3c_d0_813cd034582a4e1daa66a6bcee421f33_intermediate_file.jp2 (1).jpg
gs://erudite-mote-269518-vcm/images/figgy_prod_d6_2d_72_d62d727d9dce4275bb79e9fb83835c1d_intermediate_file.jp2.jpg,Text,Picture frame,Drawing,Illustration,Art,Paper,Notebook,Paper product
gs://erudite-mote-269518-vcm/images/figgy_prod_e4_ed_38_e4ed384a73bb4e199f6b87eb7bfd2c99_intermediate_file.jp2.jpg,Art,Painting,Modern art,Illustration,Picture frame,Visual arts,Fictional character,Rectangle
gs://erudite-mote-269518-vcm/images/figgy_prod_52_61_16_526116b1594c4a6aafcddaf31fe02586_intermediate_file.jp2.jpg,Text,Picture frame,Illustration,Art,Painting,Font,Miniature,Drawing,Paper,Visual arts
gs://erudite-mote-269518-vcm/images/figgy_prod_67_d3_ab_67d3ab1c9f4c4223b75e4019f4ec9e66_intermediate_file.jp2.jpg,Text,Drawing,Sketch,Font,Paper,Illustration,Paper product,Art
gs://erudite-mote-269518-vcm/images/figgy_prod_76_23_f7_7623f7ee52c749ce8401e2b325da5cb4_intermediate_file.jp2 (1).jpg,Poster,Technology,Games,Picture frame,Painting,Art
gs://erudite-mote-269518-vcm/images/figgy_prod_68_47_aa_6847aa28348b44f3ad53dcf89f0399cd_intermediate_file.jp2.jpg,Text,Art,Drawing,Picture frame,Pattern,Paper,Artwork,Illustration
gs://erudite-mote-269518-vcm/images/figgy_prod_cf_99_13_cf9913b376be468eb9e9e7fbb4ed3388_intermediate_file.jp2.jpg,Text,Picture frame,Paper,Paper product,Drawing,Art,Illustration
gs://erudite-mote-269518-vcm/images/figgy_prod_e3_44_67_e344676c70ac40cdbf685e6401f98219_intermediate_file.jp2.jpg,Picture frame,Text,Art,Illustration,Painting,Drawing,Modern art,Visual arts,Paper
gs://erudite-mote-269518-vcm/images/default (7).jpg,Paper,Paper product,Rectangle,Square
gs://erudite-mote-269518-vcm/images/default (17).jpg,Paper,Paper product,Square,Rectangle,Picture frame
gs://erudite-mote-269518-vcm/images/default (37).jpg
gs://erudite-mote-269518-vcm/images/default (21).jpg,Paper,Paper product,Square,Rectangle,Picture frame
gs://erudite-mote-269518-vcm/images/figgy_prod_dc_b9_ed_dcb9ed23ef6f4ce88f77d24f0103db9e_intermediate_file.jp2.jpg,Text,Document,Paper,Font,Paper product,Book
gs://erudite-mote-269518-vcm/images/default (20).jpg,Text,Cartoon,Illustration,Pattern,Art
gs://erudite-mote-269518-vcm/images/default (16).jpg,Poster,Font,Vintage advertisement,Advertising,Illustration,Square,Paper
gs://erudite-mote-269518-vcm/images/figgy_prod_0b_e5_08_0be50898b2fc44c99615a5692351bbc3_intermediate_file.jp2.jpg,Rectangle,Square
gs://erudite-mote-269518-vcm/images/default (31).jpg
gs://erudite-mote-269518-vcm/images/default (27).jpg,Text,Paper,Paper product,Picture frame
gs://erudite-mote-269518-vcm/images/figgy_prod_33_9a_09_339a099b41914782925c3fad965e15ba_intermediate_file.jp2.jpg,Text,Poster,Technology,Illustration
gs://erudite-mote-269518-vcm/images/figgy_prod_df_7d_06_df7d06da58d3496ebd0d3cc37b2cc0d8_intermediate_file.jp2.jpg,Motor vehicle,Transport,Mode of transport,Cartoon,Vehicle,Car
gs://erudite-mote-269518-vcm/images/figgy_prod_dd_43_46_dd434664cd0e4bf99059cec1a2ffe441_intermediate_file.jp2.jpg,Text,Font,Paper,Paper product,Illustration,Drawing,Sketch
gs://erudite-mote-269518-vcm/images/default (1).jpg,Paper
gs://erudite-mote-269518-vcm/images/default (11).jpg,Paper,Rectangle,Square,Paper product
gs://erudite-mote-269518-vcm/images/default (10).jpg,Text,Poster,Vintage advertisement,Advertising,Art,anger,joy,surprise,sorrow
gs://erudite-mote-269518-vcm/images/figgy_prod_e1_61_ad_e161ad0fd1764d43a10a33f5aedf152f_intermediate_file.jp2.jpg,Motor vehicle,Vehicle,Car
gs://erudite-mote-269518-vcm/images/figgy_prod_e2_90_78_e29078ce3ebf48a8a62f0c69f78e4e8b_intermediate_file.jp2.jpg,Vintage advertisement
gs://erudite-mote-269518-vcm/images/figgy_prod_1f_c3_63_1fc36377c63d4724b772e08fb8e511a0_intermediate_file.jp2.jpg,Text,Paper,Paper product,Document,Book,Font,Notebook
gs://erudite-mote-269518-vcm/images/default (26).jpg,Art
gs://erudite-mote-269518-vcm/images/default (25).jpg,Rectangle,Paper
gs://erudite-mote-269518-vcm/images/figgy_prod_44_82_47_448247faa5c84d6184cbf8a8481c7eab_intermediate_file.jp2.jpg,Poster,Illustration,Vintage advertisement
gs://erudite-mote-269518-vcm/images/default (33).jpg,Paper,Picture frame,Paper product,Rectangle,Square
gs://erudite-mote-269518-vcm/images/figgy_prod_6e_37_35_6e3735e77525418c805638065a577463_intermediate_file.jp2.jpg,Poster
gs://erudite-mote-269518-vcm/images/default (13).jpg,Paper
gs://erudite-mote-269518-vcm/images/default (3).jpg,Text,Poster,Pattern,Vintage advertisement,Art
gs://erudite-mote-269518-vcm/images/default (29).jpg,Vehicle
gs://erudite-mote-269518-vcm/images/default (28).jpg,Text,Paper,Picture frame,Square,Paper product
gs://erudite-mote-269518-vcm/images/default (2).jpg,Text,Paper,Paper product,Picture frame,Rectangle
gs://erudite-mote-269518-vcm/images/default (32).jpg,Picture frame,Rectangle,Paper
gs://erudite-mote-269518-vcm/images/figgy_prod_df_92_44_df92447c699745c7b083518e56f3fafd_intermediate_file.jp2.jpg,Vintage advertisement,Poster,Advertising
gs://erudite-mote-269518-vcm/images/default (15).jpg,Text,Poster,Paper,Illustration,Art
gs://erudite-mote-269518-vcm/images/default (5).jpg,Advertising,Vintage advertisement
gs://erudite-mote-269518-vcm/images/figgy_prod_27_46_56_274656d9cd2f4d1fa879e8f21f8a3bd0_intermediate_file.jp2.jpg,Text,Font
gs://erudite-mote-269518-vcm/images/figgy_prod_df_95_f4_df95f45cd91743959ae848ced1533397_intermediate_file.jp2.jpg,Painting,Miniature,Art,Poster,Illustration
gs://erudite-mote-269518-vcm/images/figgy_prod_2c_f2_d9_2cf2d94aa2db426390aacabb4d7ef830_intermediate_file.jp2.jpg,Poster,Technology,Square,Illustration,anger,joy,surprise,sorrow
gs://erudite-mote-269518-vcm/images/default (19).jpg,Text,Picture frame,Paper,Rectangle
gs://erudite-mote-269518-vcm/images/default (9).jpg,Text,Poster,Fiction,Illustration,Book,Advertising,Pattern,anger,joy,surprise,sorrow
gs://erudite-mote-269518-vcm/images/default (23).jpg
gs://erudite-mote-269518-vcm/images/default (35).jpg,Motor vehicle,Vehicle,Vintage car,Car
gs://erudite-mote-269518-vcm/images/default (34).jpg,Text,Document,Paper
gs://erudite-mote-269518-vcm/images/default.jpg,Poster,Miniature,Art,Antique,Vehicle
gs://erudite-mote-269518-vcm/images/default (22).jpg,Picture frame,Rectangle,Paper
gs://erudite-mote-269518-vcm/images/default (8).jpg,Text,Pattern,Illustration,Art,anger,joy,surprise,sorrow
gs://erudite-mote-269518-vcm/images/figgy_prod_11_f2_9c_11f29c343da14ea6bc4aab3551c07969_intermediate_file.jp2.jpg,Cartoon,Poster,Illustration,Technology,Fictional character,Square
gs://erudite-mote-269518-vcm/images/default (4).jpg,Font,Paper
gs://erudite-mote-269518-vcm/images/default (14).jpg,Paper,Paper product,Picture frame,Rectangle
